Ana Silva,2,,
Antônio Figueiredo,7,,
Amélia Corrêa,1,,
Bruno Marques,2,,
Caio Sousa,8,,
Carla Maia,1,,
Daniel Cardoso,1,,
Eduardo Brito,2,,
Felipe Gomes,17,,
Flávia Sousa,18,,
Gabriel Santana,9,,
Giovana Coelho,10,,
Guilherme Santos,1,,
Gustavo Riveira,8,,
Henrique Freitas,2,,
Isabela Duarte,17,,
Isadora Bueno,1,,
Isla Silva,8,,
João Santos,2,,
João Silva,7,,
João Soares,9,,
Júlia Cavalcante,1,,
Juliana Costa,9,,
Kevin Oliveira,2,,
Laís Miranda,2,,
Leonardo Ferreira,7,,
Letícia Santana,10,,
Letícia Sena,8,,
Lívia Peixoto,2,,
Lucas Mendes,1,,
Márcia Silva,7,,
Maria Santos,10,,
Mateus Batista,1,,
Mônica Sousa,1,,
Natália Figueiredo,2,,
Nícolas Araújo,9,,
Paula Augusto,10,,
Pedro Honório,18,,
Pedro Silva,2,,
Taís Chaves,1,,
Alberto Vieira,,AOS 02 Bl E 106,1
Beatriz Silva,,SQN 116 Bl A 101,2
César Monteiro,,SQSW 300A Bl B 210,1
Eduarda Moura,,QLN 16 Lote 20,2
Gabriel Oliveira,,SQSW 104 Bl F 607,1
Helena Queiroz,,QLN 10 Lote 12,2
Ignácio Santos,,SQN 304 Bl C 306,1
Júlia Ferreira,,SQN 209 Bl D 501,2
Leonardo Almeida,,SQNW 103 Bl E 606,1
Renata Fontenele,,SHCES 1103 Bl D 103,2
